Heure locale	Magnitude	Localite	Profondeur	Latitude	Longitude
11/12/2019 19:05	0.3	Lenk im Simmental BE	2.8	46.40	7.48
11/12/2019 08:27	0.8	Courmayeur I	2.6	45.87	7.00
10/12/2019 18:45	1.4	Chamonix F	5.3	46.04	6.90
10/12/2019 15:44	0.9	Courmayeur I	1.8	45.88	7.01
10/12/2019 15:29	0.8	Sanetschpass VS	3.5	46.32	7.35
10/12/2019 14:28	2.0	Sanetschpass VS	4.4	46.31	7.36
10/12/2019 04:28	0.6	Bourg-Saint-Pierre VS	3.1	45.79	7.14
09/12/2019 18:09	0.6	Courmayeur I	0.2	45.87	6.97
09/12/2019 08:27	1.4	Zernez GR	4.2	46.74	9.96
09/12/2019 05:27	1.2	Arolla VS	8.1	45.97	7.49
09/12/2019 00:34	1.4	Binn VS	2.0	46.36	8.24
08/12/2019 21:25	0.5	Sanetschpass VS	5.5	46.33	7.37
08/12/2019 12:39	0.4	Sierre VS	4.8	46.23	7.54
08/12/2019 08:24	0.4	Courmayeur I	1.2	45.86	6.98
07/12/2019 20:36	1.6	CHAMPERY VS	3.1	46.20	6.93
06/12/2019 21:52	0.0	Sanetschpass VS	3.7	46.33	7.37
06/12/2019 13:11	1.0	Courmayeur I	5.2	45.66	7.01
06/12/2019 06:45	1.7	Sanetschpass VS	4.8	46.32	7.38
06/12/2019 04:37	0.6	Sanetschpass VS	4.4	46.33	7.38
06/12/2019 02:29	2.0	Sanetschpass VS	5.3	46.32	7.38
06/12/2019 02:21	0.6	Sanetschpass VS	4.5	46.33	7.38
06/12/2019 00:44	0.7	Sanetschpass VS	4.8	46.33	7.38
06/12/2019 00:44	0.5	Sanetschpass VS	3.6	46.33	7.37
06/12/2019 00:32	0.7	Sanetschpass VS	4.5	46.33	7.37
06/12/2019 00:27	1.0	Sanetschpass VS	4.7	46.33	7.38
05/12/2019 21:52	0.8	Graechen VS	3.2	46.23	7.87
05/12/2019 19:27	0.9	Santa Maria GR	9.0	46.54	10.58
05/12/2019 14:18	0.8	Sanetschpass VS	4.9	46.32	7.36
05/12/2019 12:09	1.1	Arolla VS	1.3	45.98	7.51
05/12/2019 11:38	0.6	Courmayeur I	3.1	45.88	7.01
05/12/2019 11:14	2.6	Albstadt D	3.1	48.27	9.06
05/12/2019 10:20	0.5	Sanetschpass VS	3.5	46.33	7.35
05/12/2019 03:50	1.8	Sanetschpass VS	5.4	46.32	7.36
05/12/2019 01:24	0.7	Goeschenen UR	5.6	46.69	8.54
04/12/2019 01:12	2.0	Imst A	4.0	47.29	10.92
03/12/2019 12:58	0.4	Zweisimmen BE	7.4	46.51	7.35
02/12/2019 22:34	1.1	Arolla VS	1.6	45.98	7.51
02/12/2019 22:01	1.0	Wahlern BE	5.2	46.87	7.40
02/12/2019 15:19	1.5	Courmayeur I	5.5	45.68	6.90
02/12/2019 10:12	0.4	Sanetschpass VS	4.0	46.32	7.35
02/12/2019 10:06	0.6	Sanetschpass VS	4.0	46.32	7.36
02/12/2019 01:48	0.4	Bourg-Saint-Pierre VS	1.7	45.89	7.03
02/12/2019 00:28	1.1	Montreux VD	-0.5	46.37	6.76
01/12/2019 23:46	0.4	Arolla VS	3.4	46.12	7.44
01/12/2019 14:17	0.9	Bormio I	2.0	46.40	10.61
01/12/2019 09:07	2.0	Monte Adamello I	6.8	46.03	10.71
01/12/2019 08:06	0.3	Chamonix F	4.0	46.03	6.86
01/12/2019 07:14	1.1	Merano I	8.0	46.76	11.03
01/12/2019 03:54	0.3	Sanetschpass VS	4.2	46.33	7.36
30/11/2019 18:29	0.3	Sanetschpass VS	1.8	46.31	7.30
30/11/2019 18:19	1.3	Sanetschpass VS	1.9	46.31	7.30
30/11/2019 13:21	0.3	Freiburg im Breisgau D	12.6	48.02	7.80
30/11/2019 11:28	0.1	Sanetschpass VS	-0.3	46.33	7.37
30/11/2019 09:03	0.7	Sanetschpass VS	1.3	46.31	7.29
30/11/2019 06:25	1.3	Sanetschpass VS	1.4	46.31	7.29
30/11/2019 03:14	3.0	Verbier VS	4.2	46.10	7.30
30/11/2019 01:15	0.3	Courmayeur I	2.3	45.88	7.02
30/11/2019 01:14	0.6	Sanetschpass VS	1.6	46.31	7.29
30/11/2019 00:27	0.5	Courmayeur I	2.4	45.88	7.02
29/11/2019 22:43	0.9	Fiesch VS	8.3	46.47	8.11
29/11/2019 16:33	0.3	Bourg-Saint-Pierre VS	3.2	45.89	7.03
29/11/2019 10:01	0.8	Sierre VS	3.3	46.34	7.47
29/11/2019 05:44	0.4	Zermatt VS	5.7	46.06	7.71
29/11/2019 02:24	0.6	Courmayeur I	1.9	45.87	7.02
28/11/2019 14:31	1.3	Bormio I	2.1	46.40	10.65
27/11/2019 20:09	1.1	Santa Maria GR	9.5	46.53	10.62
27/11/2019 15:38	1.3	Santa Maria GR	11.3	46.54	10.61
27/11/2019 15:09	1.3	Santa Maria GR	8.9	46.53	10.60
27/11/2019 15:08	1.1	Santa Maria GR	10.4	46.53	10.61
27/11/2019 13:32	1.0	Santa Maria GR	10.2	46.53	10.60
27/11/2019 09:49	1.1	Saxon VS	2.0	46.22	7.19
27/11/2019 06:20	0.8	Sanetschpass VS	3.3	46.32	7.34
27/11/2019 05:24	0.4	Courmayeur I	1.5	45.87	7.01
27/11/2019 01:52	0.9	Santa Maria GR	7.5	46.47	10.75
27/11/2019 00:37	0.5	Schluchsee D	11.5	48.00	8.15
26/11/2019 14:16	1.0	Roveredo GR	3.2	46.31	9.12
25/11/2019 20:37	1.0	Chamonix F	3.0	46.03	6.86
25/11/2019 10:27	0.9	Courmayeur I	2.0	45.87	7.01
25/11/2019 04:54	0.1	Lenk im Simmental BE	1.5	46.40	7.49
25/11/2019 01:20	1.2	Sion VS	2.0	46.24	7.44
24/11/2019 03:11	-0.1	Linthal GL	2.9	46.88	8.99
24/11/2019 02:59	0.4	Sanetschpass VS	3.7	46.33	7.34
24/11/2019 02:29	0.7	Sanetschpass VS	3.4	46.32	7.34
24/11/2019 02:25	0.3	Sanetschpass VS	4.0	46.33	7.36
24/11/2019 01:41	1.0	Sanetschpass VS	3.7	46.33	7.35
23/11/2019 18:07	0.7	Saas Fee VS	8.2	45.97	7.97
23/11/2019 16:45	0.0	Courmayeur I	-0.4	45.88	7.02
23/11/2019 16:44	0.9	Volketswil ZH	15.9	47.38	8.65
23/11/2019 13:20	1.1	St. Moritz GR	5.0	46.48	9.78
23/11/2019 12:25	0.7	Chamonix F	4.3	46.03	6.87
22/11/2019 23:40	1.1	Sarnen OW	1.7	46.90	8.31
22/11/2019 19:16	0.4	Bourg-Saint-Pierre VS	2.1	45.90	7.04
21/11/2019 23:55	0.4	Schiers GR	2.1	47.07	9.74
21/11/2019 22:47	1.1	Courmayeur I	4.1	45.66	6.75
21/11/2019 09:16	1.1	Sierre VS	4.9	46.22	7.54
20/11/2019 21:22	2.8	Poschiavo GR	11.4	46.25	9.98
20/11/2019 20:10	2.0	Goeschenen UR	7.7	46.67	8.50
20/11/2019 15:18	0.1	Zermatt VS	4.5	46.06	7.70
20/11/2019 05:25	0.8	Sierre VS	4.4	46.23	7.54
20/11/2019 02:55	0.0	Courmayeur I	2.5	45.89	7.01
20/11/2019 01:28	0.2	Courmayeur I	3.5	45.88	6.99
19/11/2019 00:23	0.6	Sarnen OW	0.7	46.90	8.33
18/11/2019 21:26	0.9	Courmayeur I	2.9	45.88	7.00
18/11/2019 14:31	0.4	Sanetschpass VS	4.1	46.32	7.36
18/11/2019 13:14	0.1	Courmayeur I	1.9	45.87	7.01
18/11/2019 06:04	1.6	Albstadt D	10.4	48.22	9.11
18/11/2019 02:52	0.9	Chamonix F	0.0	45.90	6.91
17/11/2019 21:43	-0.1	Courmayeur I	3.2	45.86	6.98
17/11/2019 19:41	-0.1	Oberwald VS	3.3	46.64	8.35
17/11/2019 13:09	0.8	Brione (Verzasca) TI	6.4	46.25	8.75
17/11/2019 06:15	0.2	Sanetschpass VS	4.1	46.32	7.35
17/11/2019 05:17	1.9	Tavannes BE	26.6	47.19	7.11
17/11/2019 03:38	0.9	Singen D	6.1	47.81	8.80
16/11/2019 17:43	1.1	Courmayeur I	4.9	45.71	6.60
16/11/2019 14:12	0.6	Sanetschpass VS	3.3	46.32	7.35
16/11/2019 10:27	0.0	Sanetschpass VS	4.6	46.32	7.38
16/11/2019 08:32	0.8	Sanetschpass VS	5.1	46.33	7.37
16/11/2019 08:01	0.6	Sanetschpass VS	5.0	46.32	7.36
16/11/2019 07:24	1.3	Sanetschpass VS	4.9	46.33	7.37
16/11/2019 07:17	1.4	Sanetschpass VS	5.1	46.32	7.37
16/11/2019 06:59	1.4	Sanetschpass VS	5.2	46.33	7.37
16/11/2019 06:49	1.3	Sanetschpass VS	5.2	46.33	7.37
16/11/2019 01:09	0.9	Les Diablerets VD	-1.8	46.33	7.13
15/11/2019 23:39	0.3	Courmayeur I	2.0	45.85	6.97
15/11/2019 22:17	1.2	Freiburg im Breisgau D	17.1	48.01	7.95
15/11/2019 22:15	0.1	Courmayeur I	2.6	45.88	7.01
15/11/2019 18:23	0.7	Saxon VS	1.0	46.24	7.17
15/11/2019 10:02	1.0	Lenk im Simmental BE	3.0	46.41	7.48
15/11/2019 04:46	0.2	Verbier VS	4.4	46.10	7.36
14/11/2019 13:30	1.4	Arolla VS	2.7	46.02	7.61
14/11/2019 09:56	0.9	Sanetschpass VS	3.0	46.32	7.36
14/11/2019 03:18	0.2	Courmayeur I	4.2	45.87	7.00
13/11/2019 22:23	0.4	Sanetschpass VS	4.5	46.33	7.37
13/11/2019 19:44	1.2	Sanetschpass VS	4.7	46.33	7.37
13/11/2019 18:10	1.3	Sanetschpass VS	4.1	46.33	7.36
13/11/2019 06:29	1.5	Bormio I	7.0	46.42	10.80
13/11/2019 05:31	2.1	Bormio I	5.9	46.42	10.79
13/11/2019 04:18	0.4	Sanetschpass VS	4.3	46.33	7.37
13/11/2019 03:24	1.5	Domodossola I	9.6	45.97	8.30
13/11/2019 00:46	0.6	Martigny VS	6.0	46.14	7.05
12/11/2019 23:46	0.3	Sanetschpass VS	4.1	46.33	7.37
12/11/2019 23:18	0.5	Sanetschpass VS	4.9	46.33	7.36
12/11/2019 22:58	0.1	Sanetschpass VS	4.5	46.33	7.37
12/11/2019 21:08	0.4	Sanetschpass VS	4.9	46.32	7.35
12/11/2019 20:22	0.2	Sanetschpass VS	4.2	46.33	7.37
12/11/2019 20:19	1.3	Sanetschpass VS	4.4	46.33	7.37
12/11/2019 19:52	2.4	Santa Maria GR	5.9	46.57	10.72
12/11/2019 18:02	0.3	Sanetschpass VS	4.1	46.32	7.36
12/11/2019 16:35	0.9	Sanetschpass VS	4.4	46.33	7.37
12/11/2019 16:07	1.2	Sanetschpass VS	4.4	46.33	7.37
12/11/2019 15:59	1.1	Sanetschpass VS	4.2	46.33	7.37
12/11/2019 15:57	0.9	Sanetschpass VS	4.9	46.33	7.37
12/11/2019 15:44	1.0	Sanetschpass VS	4.5	46.33	7.37
12/11/2019 15:36	2.7	Sanetschpass VS	4.8	46.33	7.37
12/11/2019 15:29	0.9	Sanetschpass VS	4.6	46.33	7.37
12/11/2019 15:21	1.4	Sanetschpass VS	4.7	46.33	7.37
12/11/2019 15:15	0.2	Sanetschpass VS	4.7	46.32	7.38
12/11/2019 15:14	1.0	Sanetschpass VS	4.6	46.33	7.37
12/11/2019 15:12	0.9	Sanetschpass VS	4.7	46.33	7.37
12/11/2019 15:05	1.5	Sanetschpass VS	4.8	46.32	7.37
12/11/2019 15:01	1.2	Sanetschpass VS	4.9	46.33	7.37
12/11/2019 14:45	0.8	Sanetschpass VS	4.5	46.32	7.37
12/11/2019 14:43	1.9	Sanetschpass VS	4.5	46.33	7.37
12/11/2019 14:32	0.6	Sanetschpass VS	4.4	46.33	7.36
12/11/2019 14:21	0.6	Sanetschpass VS	4.5	46.32	7.37
12/11/2019 13:40	0.2	Sanetschpass VS	4.6	46.32	7.38
12/11/2019 12:58	0.9	Sanetschpass VS	4.5	46.33	7.37
12/11/2019 12:06	0.1	Sanetschpass VS	4.4	46.32	7.37
12/11/2019 11:31	0.8	Sanetschpass VS	4.4	46.32	7.37
12/11/2019 11:28	0.3	Sanetschpass VS	3.4	46.32	7.36
12/11/2019 11:27	0.5	Sanetschpass VS	4.1	46.32	7.37
12/11/2019 10:43	0.6	Sanetschpass VS	2.9	46.32	7.36
12/11/2019 10:27	0.8	Sanetschpass VS	4.5	46.32	7.37
12/11/2019 10:17	2.0	Sanetschpass VS	3.6	46.33	7.36
12/11/2019 09:37	0.6	Sanetschpass VS	4.4	46.33	7.37
12/11/2019 08:30	0.1	Sanetschpass VS	4.6	46.31	7.37
12/11/2019 06:01	0.3	Sanetschpass VS	4.3	46.33	7.37
12/11/2019 05:01	0.3	Sanetschpass VS	4.0	46.33	7.37
12/11/2019 03:01	2.1	Sanetschpass VS	3.8	46.32	7.36
12/11/2019 00:27	0.3	Sanetschpass VS	4.2	46.33	7.37
11/11/2019 21:39	0.0	Sanetschpass VS	4.0	46.33	7.37
11/11/2019 20:43	0.6	Sanetschpass VS	4.0	46.33	7.37
11/11/2019 20:35	2.7	Sanetschpass VS	5.1	46.33	7.37
11/11/2019 20:30	0.6	Sanetschpass VS	4.4	46.33	7.37
11/11/2019 20:29	0.3	Sanetschpass VS	4.2	46.33	7.37
11/11/2019 19:33	0.4	Chamonix F	2.0	45.89	7.00
11/11/2019 12:45	1.1	Montreux VD	0.2	46.38	6.75
11/11/2019 11:29	0.2	Sanetschpass VS	3.9	46.32	7.36
11/11/2019 11:07	1.7	Goeschenen UR	6.5	46.67	8.50
11/11/2019 10:38	0.4	Goeschenen UR	5.6	46.68	8.49
11/11/2019 10:06	0.7	Sanetschpass VS	4.2	46.32	7.36
11/11/2019 10:04	0.9	Goeschenen UR	6.6	46.67	8.50
11/11/2019 10:00	1.6	Sanetschpass VS	4.6	46.32	7.36
11/11/2019 09:49	0.5	Sanetschpass VS	4.4	46.33	7.36
11/11/2019 09:22	0.5	Sanetschpass VS	4.5	46.32	7.35
11/11/2019 09:10	0.4	Lenk im Simmental BE	2.4	46.40	7.49
11/11/2019 07:55	0.1	Courmayeur I	1.2	45.87	6.98
11/11/2019 07:51	0.3	Sanetschpass VS	3.5	46.32	7.36
11/11/2019 07:31	0.4	Sanetschpass VS	4.7	46.32	7.35
11/11/2019 04:46	0.8	Sanetschpass VS	4.7	46.32	7.35
11/11/2019 04:12	0.3	Adelboden BE	6.5	46.55	7.57
11/11/2019 03:44	0.3	Lenk im Simmental BE	2.6	46.40	7.49
11/11/2019 02:52	0.5	Courmayeur I	2.5	45.88	7.01
11/11/2019 02:01	0.4	Sanetschpass VS	4.7	46.32	7.35
11/11/2019 01:08	1.2	Val Sesia I	23.0	45.89	8.34
11/11/2019 00:49	0.5	Arolla VS	3.7	46.13	7.44
11/11/2019 00:18	0.4	Sanetschpass VS	3.7	46.32	7.36
10/11/2019 17:12	1.3	Sanetschpass VS	4.6	46.32	7.35
10/11/2019 15:29	0.4	Chamonix F	0.5	45.90	6.89
10/11/2019 13:24	0.2	Sanetschpass VS	3.2	46.31	7.36
10/11/2019 04:59	0.4	Sanetschpass VS	4.5	46.33	7.35
10/11/2019 01:14	0.3	Sanetschpass VS	4.6	46.33	7.35
09/11/2019 23:47	0.4	Sanetschpass VS	4.8	46.32	7.36
09/11/2019 22:39	0.8	Sanetschpass VS	4.9	46.32	7.35
09/11/2019 21:54	0.8	Chamonix F	0.5	45.89	6.90
09/11/2019 19:14	0.3	Sanetschpass VS	4.6	46.32	7.36
09/11/2019 18:22	0.5	Sanetschpass VS	4.5	46.32	7.36
09/11/2019 16:24	0.9	Sanetschpass VS	4.9	46.33	7.35
09/11/2019 16:05	0.4	Courmayeur I	1.3	45.88	6.97
09/11/2019 16:03	0.4	Sanetschpass VS	4.6	46.32	7.35
09/11/2019 15:17	0.4	Sanetschpass VS	4.0	46.32	7.36
09/11/2019 14:22	0.9	Sanetschpass VS	5.0	46.33	7.35
09/11/2019 10:38	1.8	Sanetschpass VS	4.8	46.32	7.36
09/11/2019 07:08	0.6	Sanetschpass VS	3.8	46.33	7.35
09/11/2019 06:55	0.2	Sanetschpass VS	4.7	46.32	7.36
09/11/2019 05:53	0.2	Sanetschpass VS	4.6	46.32	7.36
09/11/2019 04:50	0.3	Sanetschpass VS	3.6	46.33	7.35
09/11/2019 03:56	0.4	Sanetschpass VS	4.8	46.33	7.34
08/11/2019 20:56	0.6	Sanetschpass VS	4.3	46.33	7.34
08/11/2019 18:25	1.2	Sanetschpass VS	5.3	46.32	7.35
08/11/2019 16:05	0.5	Courmayeur I	4.2	45.87	6.97
08/11/2019 14:45	0.6	Chamonix F	5.5	46.04	6.89
08/11/2019 11:39	1.3	Sanetschpass VS	5.1	46.32	7.36
08/11/2019 10:52	0.1	Sanetschpass VS	4.3	46.32	7.35
08/11/2019 10:41	0.0	Sanetschpass VS	4.2	46.32	7.36
08/11/2019 10:31	0.8	Courmayeur I	1.5	45.87	6.98
08/11/2019 09:58	1.0	Courmayeur I	1.9	45.87	6.98
08/11/2019 08:43	0.7	Chamonix F	1.0	45.89	6.99
08/11/2019 07:47	0.6	Sanetschpass VS	4.0	46.32	7.35
08/11/2019 06:47	0.0	Sanetschpass VS	4.7	46.32	7.35
08/11/2019 06:32	0.5	Sanetschpass VS	4.9	46.33	7.35
08/11/2019 06:10	0.4	Sanetschpass VS	4.8	46.32	7.36
08/11/2019 05:45	0.9	Sanetschpass VS	5.3	46.32	7.36
08/11/2019 05:39	0.4	Courmayeur I	1.2	45.87	6.98
08/11/2019 05:02	0.5	Sanetschpass VS	4.6	46.32	7.35
08/11/2019 04:08	2.2	Sanetschpass VS	4.3	46.32	7.35
08/11/2019 04:03	0.5	Sanetschpass VS	4.5	46.32	7.35
08/11/2019 02:55	0.2	Sanetschpass VS	4.2	46.32	7.36
08/11/2019 02:26	-0.2	Sanetschpass VS	4.4	46.32	7.35
08/11/2019 02:12	0.3	Sanetschpass VS	5.1	46.32	7.35
08/11/2019 02:10	0.8	Sanetschpass VS	4.8	46.32	7.35
08/11/2019 01:31	0.3	Courmayeur I	0.6	45.87	6.97
07/11/2019 22:48	1.1	Sanetschpass VS	4.9	46.32	7.35
07/11/2019 22:45	0.3	Courmayeur I	1.8	45.86	6.96
07/11/2019 22:30	0.3	Sanetschpass VS	4.7	46.32	7.35
07/11/2019 22:03	0.3	Sanetschpass VS	3.6	46.32	7.36
07/11/2019 21:36	1.3	Sanetschpass VS	3.9	46.33	7.35
07/11/2019 21:35	1.6	Biella I	3.9	45.71	7.83
07/11/2019 21:30	2.3	Sanetschpass VS	5.3	46.32	7.35
07/11/2019 21:28	1.1	Sanetschpass VS	5.1	46.32	7.35
07/11/2019 20:16	0.0	Sanetschpass VS	3.7	46.32	7.34
07/11/2019 20:00	1.1	Sanetschpass VS	4.8	46.32	7.36
07/11/2019 19:55	0.8	Sanetschpass VS	4.1	46.33	7.35
07/11/2019 19:50	0.4	Sanetschpass VS	4.0	46.32	7.35
07/11/2019 19:46	0.1	Sanetschpass VS	3.9	46.32	7.35
07/11/2019 19:38	2.5	Sanetschpass VS	4.9	46.32	7.35
07/11/2019 19:35	3.2	Sanetschpass VS	4.3	46.32	7.36
07/11/2019 19:35	1.0	Sanetschpass VS	4.2	46.33	7.35
07/11/2019 19:10	0.6	Sanetschpass VS	4.1	46.33	7.36
07/11/2019 18:17	0.6	Sanetschpass VS	4.4	46.32	7.35
07/11/2019 18:04	1.3	Sanetschpass VS	4.1	46.32	7.35
07/11/2019 16:22	0.2	Courmayeur I	0.0	45.87	6.98
07/11/2019 16:20	0.9	Courmayeur I	1.4	45.87	6.98
07/11/2019 13:35	0.5	Sanetschpass VS	4.3	46.32	7.36
07/11/2019 13:14	0.6	Sanetschpass VS	4.5	46.33	7.36
07/11/2019 12:58	1.6	Zernez GR	8.3	46.76	10.17
07/11/2019 12:34	0.4	Sanetschpass VS	4.4	46.32	7.36
07/11/2019 12:32	1.1	Zernez GR	7.9	46.76	10.17
07/11/2019 11:37	0.6	Sanetschpass VS	4.5	46.32	7.36
07/11/2019 10:13	1.4	Sanetschpass VS	4.5	46.33	7.37
07/11/2019 07:43	0.5	Sanetschpass VS	4.0	46.32	7.36
07/11/2019 07:00	0.5	Sanetschpass VS	4.4	46.32	7.35
07/11/2019 06:45	0.2	Sanetschpass VS	3.9	46.33	7.35
07/11/2019 06:41	0.8	Sanetschpass VS	4.8	46.32	7.35
07/11/2019 06:38	0.7	Sanetschpass VS	4.5	46.32	7.35
07/11/2019 05:51	0.4	Sanetschpass VS	4.4	46.32	7.35
07/11/2019 05:46	0.3	Sanetschpass VS	4.4	46.32	7.35
07/11/2019 05:38	1.1	Sanetschpass VS	4.2	46.33	7.36
07/11/2019 05:26	0.5	Sanetschpass VS	3.9	46.32	7.36
07/11/2019 03:58	0.6	Sanetschpass VS	4.6	46.33	7.35
07/11/2019 01:19	1.1	Sanetschpass VS	4.6	46.33	7.35
07/11/2019 01:05	0.7	Sanetschpass VS	4.8	46.33	7.35
07/11/2019 00:59	0.8	Sanetschpass VS	5.1	46.32	7.35
07/11/2019 00:57	0.6	Sanetschpass VS	4.4	46.33	7.34
07/11/2019 00:18	0.2	Sanetschpass VS	4.9	46.32	7.35
06/11/2019 23:52	1.1	Sanetschpass VS	5.0	46.32	7.35
06/11/2019 22:40	0.9	Sanetschpass VS	4.1	46.32	7.35
06/11/2019 21:58	0.4	Courmayeur I	1.1	45.87	6.97
06/11/2019 21:48	0.2	Sanetschpass VS	4.3	46.32	7.35
06/11/2019 21:35	0.5	Sanetschpass VS	4.7	46.32	7.35
06/11/2019 19:01	0.4	Courmayeur I	1.0	45.87	6.97
06/11/2019 17:36	0.7	Sanetschpass VS	4.5	46.33	7.35
06/11/2019 17:04	0.8	Sanetschpass VS	5.2	46.32	7.35
06/11/2019 16:59	0.4	Sanetschpass VS	4.4	46.32	7.35
06/11/2019 16:25	1.2	Courmayeur I	2.7	45.87	6.99
06/11/2019 15:37	-0.2	Sanetschpass VS	4.4	46.32	7.35
06/11/2019 11:46	1.5	Sanetschpass VS	4.7	46.33	7.36
06/11/2019 11:08	2.0	Albstadt D	4.0	48.24	9.01
06/11/2019 11:04	1.8	Sanetschpass VS	4.5	46.33	7.36
06/11/2019 10:58	0.9	Sanetschpass VS	4.6	46.33	7.36
06/11/2019 10:18	0.7	Sanetschpass VS	4.6	46.32	7.36
06/11/2019 10:04	0.8	Sanetschpass VS	4.6	46.33	7.36
06/11/2019 10:00	0.0	Sanetschpass VS	5.6	46.32	7.36
06/11/2019 09:55	1.0	Altdorf UR	9.2	46.89	8.54
06/11/2019 09:52	0.8	Sanetschpass VS	4.6	46.32	7.35
06/11/2019 09:14	0.3	Chamonix F	6.1	45.89	7.01
06/11/2019 09:03	0.2	Sanetschpass VS	4.9	46.32	7.36
06/11/2019 08:56	1.8	Sanetschpass VS	5.1	46.32	7.36
06/11/2019 08:55	0.4	Sanetschpass VS	4.7	46.33	7.35
06/11/2019 08:49	0.4	Sanetschpass VS	3.8	46.32	7.36
06/11/2019 08:08	0.8	Sanetschpass VS	4.4	46.32	7.35
06/11/2019 08:00	0.6	Sanetschpass VS	4.3	46.32	7.35
06/11/2019 07:56	0.7	Sanetschpass VS	4.7	46.32	7.35
06/11/2019 07:18	1.8	Sanetschpass VS	5.3	46.32	7.35
06/11/2019 07:10	1.3	Sanetschpass VS	4.6	46.33	7.36
06/11/2019 06:29	0.4	Sanetschpass VS	4.6	46.32	7.36
06/11/2019 06:24	1.5	Sanetschpass VS	4.6	46.32	7.35
06/11/2019 06:19	2.2	Sanetschpass VS	5.3	46.32	7.36
06/11/2019 06:18	0.4	Sanetschpass VS	4.5	46.32	7.35
06/11/2019 06:08	0.7	Sanetschpass VS	4.7	46.33	7.35
06/11/2019 05:46	0.5	Sanetschpass VS	4.4	46.32	7.35
06/11/2019 05:41	0.7	Sanetschpass VS	4.8	46.32	7.35
06/11/2019 05:35	0.9	Sanetschpass VS	4.6	46.32	7.35
06/11/2019 05:19	0.6	Sanetschpass VS	4.3	46.32	7.35
06/11/2019 05:04	0.4	Sanetschpass VS	3.4	46.33	7.35
06/11/2019 05:02	2.6	Zermatt VS	6.2	45.94	7.91
06/11/2019 03:55	0.3	Sanetschpass VS	4.4	46.32	7.35
06/11/2019 03:50	1.7	Sanetschpass VS	5.7	46.33	7.36
06/11/2019 03:45	0.4	Sanetschpass VS	4.4	46.32	7.35
06/11/2019 03:36	0.4	Sanetschpass VS	4.7	46.33	7.36
06/11/2019 03:24	0.7	Sanetschpass VS	4.3	46.32	7.36
06/11/2019 03:01	1.2	Sanetschpass VS	4.0	46.32	7.35
06/11/2019 02:06	0.6	Sanetschpass VS	4.9	46.32	7.35
06/11/2019 02:00	0.6	Sanetschpass VS	4.6	46.33	7.34
06/11/2019 01:42	0.6	Sanetschpass VS	4.7	46.33	7.35
06/11/2019 00:34	0.6	Sanetschpass VS	3.9	46.32	7.35
06/11/2019 00:18	0.6	Sanetschpass VS	4.7	46.32	7.35
06/11/2019 00:15	2.4	Chamonix F	3.4	46.03	6.87
05/11/2019 23:54	0.9	Sanetschpass VS	4.9	46.32	7.35
05/11/2019 23:33	0.5	Sanetschpass VS	4.8	46.33	7.35
05/11/2019 23:30	0.5	Sanetschpass VS	4.6	46.32	7.35
05/11/2019 23:30	0.7	Sanetschpass VS	4.9	46.33	7.36
05/11/2019 23:22	0.5	Sanetschpass VS	4.7	46.32	7.36
05/11/2019 23:08	0.4	Sanetschpass VS	4.5	46.32	7.35
05/11/2019 22:37	1.8	Sanetschpass VS	4.8	46.32	7.35
05/11/2019 22:35	0.5	Sanetschpass VS	4.4	46.32	7.35
05/11/2019 22:32	0.8	Sion VS	7.1	46.27	7.39
05/11/2019 22:29	0.7	Sanetschpass VS	4.6	46.33	7.35
05/11/2019 22:17	0.2	Sanetschpass VS	4.7	46.33	7.35
05/11/2019 22:13	0.6	Sanetschpass VS	4.5	46.32	7.36
05/11/2019 22:05	0.6	Sanetschpass VS	4.4	46.33	7.35
05/11/2019 22:00	0.5	Sanetschpass VS	4.8	46.32	7.35
05/11/2019 21:58	0.1	Sanetschpass VS	4.4	46.32	7.37
05/11/2019 21:51	0.4	Sanetschpass VS	4.3	46.33	7.36
05/11/2019 21:46	0.9	Sanetschpass VS	4.3	46.32	7.35
05/11/2019 21:44	0.6	Sion VS	7.4	46.27	7.39
05/11/2019 21:39	0.8	Sanetschpass VS	4.6	46.33	7.35
05/11/2019 21:37	1.4	Sanetschpass VS	4.7	46.32	7.35
05/11/2019 21:34	0.6	Sanetschpass VS	4.3	46.33	7.36
05/11/2019 21:33	1.0	Sanetschpass VS	4.9	46.32	7.36
05/11/2019 21:28	0.7	Sanetschpass VS	4.3	46.33	7.35
05/11/2019 21:27	0.8	Sanetschpass VS	4.7	46.33	7.35
05/11/2019 21:26	0.6	Sanetschpass VS	5.2	46.33	7.36
05/11/2019 21:21	2.3	Sanetschpass VS	5.2	46.32	7.36
05/11/2019 21:10	2.5	Sanetschpass VS	5.2	46.32	7.36
05/11/2019 21:09	1.2	Sanetschpass VS	4.9	46.33	7.36
05/11/2019 21:06	2.7	Sanetschpass VS	5.6	46.32	7.36
05/11/2019 21:03	1.9	Sanetschpass VS	4.9	46.32	7.36
05/11/2019 20:59	2.0	Sanetschpass VS	4.6	46.32	7.36
05/11/2019 20:57	1.7	Sanetschpass VS	5.5	46.33	7.35
05/11/2019 20:54	1.2	Sanetschpass VS	4.7	46.33	7.35
05/11/2019 20:52	2.8	Sanetschpass VS	5.4	46.33	7.36
05/11/2019 20:51	3.2	Sanetschpass VS	5.3	46.32	7.36
05/11/2019 20:47	0.3	Sanetschpass VS	4.8	46.32	7.36
05/11/2019 20:35	0.6	Sanetschpass VS	4.6	46.32	7.36
05/11/2019 20:30	0.3	Sanetschpass VS	4.9	46.32	7.35
05/11/2019 20:27	0.6	Sanetschpass VS	5.0	46.32	7.35
05/11/2019 20:26	0.6	Sanetschpass VS	5.3	46.32	7.36
05/11/2019 20:25	0.3	Sanetschpass VS	4.3	46.32	7.36
05/11/2019 20:21	2.8	Sanetschpass VS	5.6	46.32	7.36
05/11/2019 20:19	1.0	Sanetschpass VS	4.9	46.33	7.35
05/11/2019 20:15	1.3	Sanetschpass VS	4.5	46.33	7.35
05/11/2019 20:14	1.6	Sanetschpass VS	4.8	46.33	7.35
05/11/2019 20:12	1.7	Sanetschpass VS	4.9	46.33	7.35
05/11/2019 20:10	2.4	Sanetschpass VS	5.4	46.32	7.36
05/11/2019 19:20	0.5	Sanetschpass VS	3.4	46.33	7.36
05/11/2019 18:12	0.5	Sanetschpass VS	4.9	46.33	7.36
05/11/2019 17:41	0.8	Sanetschpass VS	4.1	46.33	7.35
05/11/2019 17:34	0.7	Sanetschpass VS	4.3	46.32	7.36
05/11/2019 16:48	0.1	Sanetschpass VS	3.8	46.33	7.37
05/11/2019 15:21	0.2	Sanetschpass VS	3.8	46.32	7.35
05/11/2019 15:09	0.2	Courmayeur I	2.0	45.87	7.00
05/11/2019 13:25	1.5	Sanetschpass VS	4.7	46.33	7.36
05/11/2019 13:06	0.0	Sanetschpass VS	4.2	46.32	7.36
05/11/2019 13:00	1.0	Annecy F	7.6	45.97	6.28
05/11/2019 12:55	0.3	Sanetschpass VS	3.8	46.32	7.35
05/11/2019 12:49	1.5	Sanetschpass VS	4.2	46.32	7.35
05/11/2019 12:15	1.1	Sanetschpass VS	4.8	46.33	7.37
05/11/2019 11:51	0.5	Sanetschpass VS	4.2	46.32	7.37
05/11/2019 11:38	1.4	Sanetschpass VS	4.0	46.32	7.36
05/11/2019 11:07	1.0	Sanetschpass VS	3.9	46.33	7.36
05/11/2019 10:57	0.7	Sanetschpass VS	4.3	46.32	7.36
05/11/2019 10:52	0.3	Sanetschpass VS	4.3	46.32	7.37
05/11/2019 10:51	0.3	Sanetschpass VS	3.5	46.32	7.36
05/11/2019 10:43	0.3	Sanetschpass VS	4.2	46.32	7.36
05/11/2019 10:33	0.4	Sanetschpass VS	4.6	46.33	7.36
05/11/2019 10:27	0.5	Sanetschpass VS	3.4	46.32	7.36
05/11/2019 10:22	0.7	Sanetschpass VS	4.0	46.32	7.35
05/11/2019 10:19	0.9	Sanetschpass VS	3.5	46.32	7.35
05/11/2019 10:17	2.1	Sanetschpass VS	3.7	46.32	7.35
05/11/2019 10:12	0.8	Sanetschpass VS	3.8	46.33	7.36
05/11/2019 10:05	0.5	Sanetschpass VS	3.9	46.32	7.35
05/11/2019 09:54	2.7	Sanetschpass VS	4.4	46.32	7.35
05/11/2019 09:39	1.4	Sanetschpass VS	4.3	46.33	7.36
05/11/2019 09:39	2.2	Sanetschpass VS	4.4	46.32	7.36
05/11/2019 09:34	1.0	Sanetschpass VS	4.4	46.32	7.36
05/11/2019 09:13	0.7	Sanetschpass VS	5.4	46.33	7.36
05/11/2019 09:11	1.3	Sanetschpass VS	4.8	46.32	7.36
05/11/2019 09:00	0.2	Sanetschpass VS	5.0	46.33	7.37
05/11/2019 08:56	0.2	Sanetschpass VS	4.2	46.33	7.36
05/11/2019 08:52	0.9	Sanetschpass VS	5.3	46.33	7.36
05/11/2019 08:47	2.7	Sanetschpass VS	5.2	46.32	7.37
05/11/2019 08:35	1.4	Sanetschpass VS	4.5	46.32	7.36
05/11/2019 08:32	0.9	Sanetschpass VS	4.9	46.32	7.37
05/11/2019 08:29	1.6	Sanetschpass VS	4.7	46.32	7.36
05/11/2019 08:27	1.5	Sanetschpass VS	4.7	46.33	7.36
05/11/2019 08:23	1.3	Sanetschpass VS	4.4	46.32	7.36
05/11/2019 08:18	3.0	Sanetschpass VS	5.3	46.32	7.36
05/11/2019 07:42	0.6	Sanetschpass VS	3.6	46.32	7.36
05/11/2019 07:31	0.9	Sanetschpass VS	3.8	46.32	7.35
05/11/2019 07:11	1.4	Sanetschpass VS	4.7	46.32	7.35
05/11/2019 07:06	1.1	Sanetschpass VS	4.0	46.32	7.36
05/11/2019 07:00	2.9	Sanetschpass VS	3.9	46.32	7.35
05/11/2019 06:57	1.0	Sanetschpass VS	4.4	46.32	7.36
05/11/2019 06:55	2.5	Sanetschpass VS	4.5	46.32	7.36
05/11/2019 06:27	1.0	Sanetschpass VS	4.5	46.32	7.36
05/11/2019 06:08	0.8	Sanetschpass VS	3.9	46.32	7.36
05/11/2019 06:07	0.7	Sanetschpass VS	4.0	46.33	7.36
05/11/2019 06:03	1.5	Sanetschpass VS	4.2	46.33	7.36
05/11/2019 05:49	0.5	Sanetschpass VS	5.1	46.33	7.36
05/11/2019 05:43	0.6	Sanetschpass VS	4.2	46.33	7.36
05/11/2019 05:41	0.8	Sanetschpass VS	3.8	46.32	7.36
05/11/2019 05:23	0.0	Sanetschpass VS	4.5	46.33	7.36
05/11/2019 05:23	1.2	Sanetschpass VS	4.8	46.32	7.36
05/11/2019 05:18	1.1	Sanetschpass VS	4.3	46.33	7.35
05/11/2019 05:12	0.8	Sanetschpass VS	4.3	46.33	7.35
05/11/2019 05:10	0.5	Sanetschpass VS	4.6	46.33	7.36
05/11/2019 04:57	0.7	Sanetschpass VS	4.6	46.32	7.36
05/11/2019 04:48	1.3	Sanetschpass VS	4.2	46.32	7.36
05/11/2019 04:44	0.7	Sanetschpass VS	4.7	46.32	7.36
05/11/2019 04:36	3.3	Sanetschpass VS	4.7	46.32	7.36
05/11/2019 04:23	0.7	Sanetschpass VS	4.3	46.33	7.35
05/11/2019 04:18	2.2	Sanetschpass VS	4.5	46.32	7.36
05/11/2019 04:16	1.3	Sanetschpass VS	4.3	46.33	7.35
05/11/2019 04:12	1.0	Sanetschpass VS	4.0	46.33	7.36
05/11/2019 04:05	0.7	Sanetschpass VS	4.4	46.33	7.36
05/11/2019 03:46	0.4	Sanetschpass VS	4.6	46.33	7.36
05/11/2019 03:33	0.9	Sanetschpass VS	4.2	46.32	7.36
05/11/2019 03:30	0.7	Sanetschpass VS	4.3	46.32	7.36
05/11/2019 03:27	1.1	Sanetschpass VS	4.5	46.32	7.36
05/11/2019 03:23	0.9	Sanetschpass VS	4.2	46.32	7.36
05/11/2019 03:21	0.7	Sanetschpass VS	4.4	46.32	7.36
05/11/2019 03:20	0.2	Sanetschpass VS	3.2	46.32	7.37
05/11/2019 03:07	0.7	Sanetschpass VS	4.5	46.32	7.36
05/11/2019 02:59	0.5	Sanetschpass VS	4.4	46.33	7.37
05/11/2019 02:43	1.4	Sanetschpass VS	4.3	46.33	7.36
05/11/2019 02:38	0.6	Sanetschpass VS	4.3	46.33	7.36
05/11/2019 02:35	0.9	Sanetschpass VS	4.2	46.33	7.36
05/11/2019 02:34	0.7	Sanetschpass VS	4.4	46.32	7.37
05/11/2019 02:33	0.8	Sanetschpass VS	4.3	46.33	7.36
05/11/2019 02:12	0.4	Sanetschpass VS	3.7	46.33	7.35
05/11/2019 02:06	0.8	Sanetschpass VS	4.0	46.33	7.36
05/11/2019 02:03	0.6	Sanetschpass VS	4.2	46.32	7.37
05/11/2019 01:54	3.3	Sanetschpass VS	4.8	46.32	7.37
04/11/2019 23:38	0.5	Courmayeur I	1.1	45.87	6.96
04/11/2019 18:10	0.2	Bourg-Saint-Pierre VS	1.8	45.89	7.03
04/11/2019 16:51	0.7	Sion VS	3.4	46.29	7.30
04/11/2019 09:41	0.4	Courmayeur I	0.1	45.86	6.96
04/11/2019 07:03	1.7	RADOLFZELL D	9.2	47.73	9.01
04/11/2019 06:21	0.6	Courmayeur I	3.1	45.87	7.01
04/11/2019 03:30	0.9	Courmayeur I	1.2	45.86	6.98
04/11/2019 01:59	3.8	Albstadt D	4.0	48.24	9.01
04/11/2019 01:50	0.0	Courmayeur I	0.4	45.88	6.99
03/11/2019 17:18	1.9	Courmayeur I	2.0	45.87	6.98
03/11/2019 14:24	0.0	Courmayeur I	3.7	45.87	7.01
03/11/2019 13:54	0.2	Courmayeur I	2.0	45.88	7.01
03/11/2019 13:38	0.2	Courmayeur I	3.2	45.87	7.02
03/11/2019 11:48	0.1	Courmayeur I	1.6	45.86	6.98
03/11/2019 05:13	0.9	Courmayeur I	2.0	45.87	6.97
03/11/2019 03:39	0.3	Courmayeur I	1.0	45.87	6.98
03/11/2019 02:23	0.4	Courmayeur I	1.1	45.86	6.96
02/11/2019 23:20	0.2	Courmayeur I	1.9	45.87	6.97
02/11/2019 17:08	0.2	Courmayeur I	2.7	45.87	6.97
02/11/2019 17:00	2.0	Chamonix F	0.7	45.89	6.91
02/11/2019 14:48	0.7	Courmayeur I	2.4	45.87	6.97
02/11/2019 14:25	0.2	Courmayeur I	2.1	45.87	6.97
02/11/2019 13:31	0.3	Courmayeur I	1.9	45.87	6.97
02/11/2019 12:54	1.6	Courmayeur I	2.2	45.87	6.98
02/11/2019 12:25	0.9	Courmayeur I	2.1	45.87	6.97
02/11/2019 07:43	0.7	Saxon VS	6.9	46.19	7.09
02/11/2019 07:33	0.7	Courmayeur I	1.3	45.87	6.98
02/11/2019 07:08	0.7	Muellheim D	13.6	47.83	7.75
02/11/2019 01:26	0.9	Courmayeur I	1.9	45.87	6.97
01/11/2019 19:24	0.6	Visp VS	3.0	46.27	7.94
01/11/2019 18:49	0.3	Courmayeur I	0.7	45.87	6.97
01/11/2019 16:51	0.6	Sanetschpass VS	3.8	46.31	7.35
01/11/2019 15:39	0.3	Lenk im Simmental BE	3.0	46.40	7.48
01/11/2019 11:37	1.4	Chamonix F	0.8	45.89	6.91
01/11/2019 11:12	-0.1	Courmayeur I	1.2	45.87	6.98
01/11/2019 05:21	0.8	CHATEAU-D'OEX VD	6.4	46.45	7.10
01/11/2019 04:16	0.7	Zernez GR	8.2	46.71	10.19
01/11/2019 01:33	0.2	Lenk im Simmental BE	3.3	46.40	7.48
01/11/2019 00:39	-0.1	Courmayeur I	2.5	45.88	7.01
31/10/2019 21:44	0.7	Courmayeur I	1.6	45.87	6.96
31/10/2019 20:57	1.0	Biella I	3.1	45.70	7.82
31/10/2019 16:15	0.5	Chamonix F	1.0	45.89	6.90
31/10/2019 15:55	0.3	Chamonix F	1.1	45.89	6.90
31/10/2019 11:08	1.4	Chamonix F	1.0	45.89	6.91
31/10/2019 07:28	-0.1	Chamonix F	1.0	45.89	6.91
31/10/2019 05:39	0.2	Courmayeur I	2.8	45.87	6.97
31/10/2019 03:56	0.6	Saas Fee VS	7.3	46.12	8.01
30/10/2019 23:08	2.8	Vaduz FL	3.7	47.15	9.55
30/10/2019 16:24	0.5	Courmayeur I	2.4	45.86	6.96
30/10/2019 15:32	0.3	Chamonix F	1.1	45.89	6.90
30/10/2019 15:01	2.0	Courmayeur I	2.8	45.87	6.97
30/10/2019 14:34	1.2	Courmayeur I	2.0	45.87	6.96
30/10/2019 14:33	1.2	Courmayeur I	2.0	45.87	6.97
30/10/2019 14:25	0.7	Courmayeur I	2.0	45.87	6.96
30/10/2019 14:23	1.3	Courmayeur I	2.3	45.87	6.96
30/10/2019 14:18	2.1	Courmayeur I	2.0	45.87	6.97
30/10/2019 14:18	1.1	Courmayeur I	2.0	45.87	6.96
30/10/2019 14:15	0.5	Courmayeur I	2.0	45.87	6.96
30/10/2019 13:48	1.7	Courmayeur I	2.6	45.87	6.97
30/10/2019 11:55	1.1	Bourg-Saint-Pierre VS	3.0	45.89	7.03
30/10/2019 08:57	0.6	Courmayeur I	1.6	45.87	6.96
30/10/2019 06:18	1.4	Courmayeur I	1.3	45.87	6.97
30/10/2019 03:32	0.2	Courmayeur I	1.9	45.87	6.96
30/10/2019 01:35	0.3	Chamonix F	1.0	45.89	6.90
29/10/2019 21:31	1.3	Bourg-Saint-Pierre VS	2.8	45.89	7.03
29/10/2019 21:20	0.4	Courmayeur I	1.6	45.87	6.96
29/10/2019 18:55	0.6	Chamonix F	1.2	45.89	6.90
29/10/2019 15:43	1.1	Liestal BL	7.0	47.45	7.70
29/10/2019 14:59	1.1	Chamonix F	1.0	45.89	6.90
29/10/2019 12:58	0.6	Courmayeur I	1.7	45.86	6.96
29/10/2019 05:43	0.1	Courmayeur I	3.3	45.87	7.00
29/10/2019 05:05	1.6	Courmayeur I	4.0	45.88	7.02
29/10/2019 03:05	0.8	Courmayeur I	2.0	45.87	6.97
29/10/2019 02:51	2.0	Courmayeur I	2.0	45.87	6.97
29/10/2019 02:37	0.8	Courmayeur I	2.0	45.87	6.97
29/10/2019 00:16	0.2	Bourg-Saint-Pierre VS	1.8	45.89	7.03
28/10/2019 23:21	0.5	Chamonix F	0.9	45.89	6.90
28/10/2019 23:17	0.8	Breil/Brigels GR	2.5	46.84	9.08
28/10/2019 23:09	0.3	Courmayeur I	1.8	45.87	6.96
28/10/2019 22:54	0.2	Courmayeur I	4.0	45.87	7.01
28/10/2019 22:41	0.9	Chamonix F	1.0	45.89	6.90
28/10/2019 22:20	0.7	Chamonix F	1.0	45.89	6.90
28/10/2019 21:00	1.0	Courmayeur I	2.1	45.87	6.97
28/10/2019 20:10	0.5	Sierre VS	3.2	46.33	7.41
28/10/2019 20:09	0.7	Sierre VS	3.9	46.33	7.41
28/10/2019 17:22	1.0	Courmayeur I	2.2	45.87	6.97
28/10/2019 15:02	0.3	Courmayeur I	2.0	45.88	7.01
28/10/2019 05:44	0.6	Courmayeur I	2.1	45.87	6.97
28/10/2019 02:43	0.8	Courmayeur I	1.8	45.87	6.97
28/10/2019 01:18	0.4	Chamonix F	0.9	45.89	6.90
28/10/2019 00:39	1.5	Santa Maria GR	9.4	46.55	10.50
28/10/2019 00:32	0.5	Courmayeur I	2.0	45.87	6.97
27/10/2019 23:40	1.7	Courmayeur I	2.0	45.87	6.97
27/10/2019 23:37	0.6	Courmayeur I	2.0	45.87	6.96
27/10/2019 23:22	0.3	Courmayeur I	1.9	45.87	6.96
27/10/2019 23:05	0.7	Courmayeur I	2.0	45.87	6.96
27/10/2019 22:57	0.6	Courmayeur I	2.0	45.87	6.96
27/10/2019 22:13	1.7	Courmayeur I	2.0	45.87	6.97
27/10/2019 21:25	1.2	Chamonix F	1.0	45.89	6.90
27/10/2019 21:19	1.6	Chamonix F	0.8	45.89	6.91
27/10/2019 19:17	0.9	Courmayeur I	2.0	45.87	6.97
27/10/2019 19:15	0.0	Chamonix F	-0.3	45.88	6.97
27/10/2019 18:49	0.6	Courmayeur I	0.8	45.88	6.97
27/10/2019 17:45	0.7	Courmayeur I	2.0	45.87	6.96
27/10/2019 08:21	0.6	Courmayeur I	2.1	45.87	6.96
27/10/2019 06:48	0.2	Courmayeur I	2.0	45.87	6.97
27/10/2019 06:28	0.6	Courmayeur I	1.4	45.87	6.97
27/10/2019 00:43	-0.2	Courmayeur I	2.4	45.86	6.96
26/10/2019 22:09	0.1	Courmayeur I	2.1	45.87	6.96
26/10/2019 21:31	0.7	Liestal BL	5.6	47.45	7.69
26/10/2019 16:22	0.4	Courmayeur I	2.0	45.87	6.97
26/10/2019 12:14	0.4	Chamonix F	0.9	45.88	6.97
26/10/2019 07:32	0.1	Courmayeur I	2.5	45.89	7.00
26/10/2019 03:12	1.2	Biel BE	10.3	47.15	7.14
25/10/2019 19:53	0.0	Courmayeur I	2.6	45.88	7.01
25/10/2019 11:17	1.1	Chamonix F	1.4	45.89	6.90
25/10/2019 06:10	0.3	Chamonix F	1.2	45.89	6.90
25/10/2019 01:31	0.5	Chamonix F	1.1	45.89	6.90
24/10/2019 19:55	0.6	Courmayeur I	2.0	45.87	6.97
24/10/2019 19:13	0.0	Saxon VS	1.8	46.22	7.19
24/10/2019 19:04	0.6	Courmayeur I	4.6	45.87	7.01
24/10/2019 18:19	0.9	Courmayeur I	2.0	45.87	6.97
24/10/2019 16:16	1.9	Mulhouse F	6.7	47.84	7.26
24/10/2019 10:05	0.2	Sanetschpass VS	3.2	46.33	7.36
24/10/2019 09:45	1.2	Aosta I	4.7	45.72	7.16
24/10/2019 09:40	2.0	Aosta I	6.7	45.73	7.16
24/10/2019 04:52	1.7	Gadmen BE	7.8	46.67	8.30
24/10/2019 04:07	0.7	Courmayeur I	2.0	45.87	6.96
24/10/2019 03:23	1.0	Courmayeur I	2.2	45.86	6.96
24/10/2019 03:09	0.9	Courmayeur I	2.0	45.87	6.97
23/10/2019 22:44	0.5	Rheinfelden AG	14.9	47.58	7.88
23/10/2019 20:34	0.7	Courmayeur I	0.7	45.87	6.97
23/10/2019 03:34	1.1	Courmayeur I	2.0	45.86	6.96
22/10/2019 16:20	0.4	Sanetschpass VS	1.7	46.31	7.29
22/10/2019 09:32	0.3	Courmayeur I	4.0	45.88	7.01
22/10/2019 06:01	0.7	Courmayeur I	3.0	45.88	7.02
21/10/2019 23:57	1.0	Val Sesia I	9.2	45.92	7.98
21/10/2019 19:56	1.5	Santa Maria GR	6.3	46.59	10.43
21/10/2019 02:17	1.0	Courmayeur I	1.9	45.87	6.96
20/10/2019 21:07	1.1	BASEL	7.9	47.51	7.54
20/10/2019 14:15	1.0	Courmayeur I	1.8	45.88	7.01
20/10/2019 13:27	0.7	Sanetschpass VS	1.3	46.31	7.29
20/10/2019 11:21	0.3	Sierre VS	2.1	46.35	7.45
20/10/2019 09:56	0.4	Courmayeur I	3.0	45.87	7.01
20/10/2019 07:24	0.6	Courmayeur I	3.0	45.87	7.01
20/10/2019 05:58	1.6	Colmar F	1.0	48.29	6.69
20/10/2019 01:47	0.8	Arolla VS	2.0	45.90	7.50
19/10/2019 18:38	0.4	Arolla VS	-0.6	45.99	7.50
19/10/2019 16:49	0.8	Courmayeur I	1.7	45.87	6.96
19/10/2019 13:50	1.0	Bourg-Saint-Pierre VS	2.0	45.89	7.06
19/10/2019 09:57	0.5	Chamonix F	1.1	45.89	6.91
19/10/2019 04:28	1.0	Chamonix F	1.0	45.89	6.91
19/10/2019 04:00	1.9	Colmar F	8.3	48.14	6.78
19/10/2019 03:57	0.5	Chamonix F	0.5	45.89	6.91
19/10/2019 02:21	0.1	Chamonix F	1.1	45.89	6.91
19/10/2019 00:04	0.2	Courmayeur I	2.2	45.87	7.01
18/10/2019 19:18	0.6	Chamonix F	0.7	45.89	6.91
18/10/2019 14:50	0.7	Courmayeur I	2.0	45.87	6.96
18/10/2019 09:11	0.3	Courmayeur I	3.3	45.88	7.00
18/10/2019 07:36	0.4	Chamonix F	-0.6	45.92	7.02
18/10/2019 05:40	0.4	Chamonix F	4.6	46.04	6.87
18/10/2019 05:20	0.9	Courmayeur I	1.4	45.87	6.98
18/10/2019 02:15	0.4	Courmayeur I	1.9	45.87	6.97
17/10/2019 23:34	1.3	Courmayeur I	5.0	45.70	7.07
17/10/2019 11:15	0.3	Courmayeur I	3.0	45.87	6.97
17/10/2019 11:08	0.6	Courmayeur I	0.7	45.87	6.97
17/10/2019 09:41	0.7	Rheinfelden AG	18.8	47.54	7.79
17/10/2019 09:30	0.7	Courmayeur I	1.4	45.87	6.96
17/10/2019 02:18	1.3	Sion VS	7.5	46.26	7.40
17/10/2019 02:15	0.8	Sion VS	7.9	46.26	7.39
17/10/2019 02:10	0.8	Sion VS	7.8	46.26	7.40
17/10/2019 02:10	1.0	Sion VS	8.5	46.26	7.39
17/10/2019 02:10	0.4	Sion VS	8.5	46.27	7.39
17/10/2019 02:08	1.3	Sion VS	7.5	46.26	7.40
17/10/2019 02:07	1.3	Sion VS	7.6	46.26	7.40
17/10/2019 01:39	0.3	Sion VS	7.8	46.26	7.40
17/10/2019 00:54	1.7	Courmayeur I	1.5	45.86	6.97
17/10/2019 00:51	0.5	Sion VS	7.9	46.26	7.39
16/10/2019 22:03	0.3	Chamonix F	1.0	45.89	6.90
16/10/2019 21:44	0.1	Chamonix F	0.9	45.89	6.90
16/10/2019 21:06	1.3	Chamonix F	1.0	45.89	6.91
16/10/2019 17:12	1.7	Chamonix F	1.1	45.89	6.91
16/10/2019 03:59	0.0	Courmayeur I	1.3	45.87	6.97
16/10/2019 01:26	0.5	Chamonix F	0.9	45.89	6.90
16/10/2019 01:20	0.5	Chamonix F	0.8	45.89	6.91
15/10/2019 23:04	1.2	Chamonix F	1.1	45.89	6.90
15/10/2019 20:25	0.6	Bourg-Saint-Pierre VS	2.5	45.89	7.03
15/10/2019 16:44	0.5	Chamonix F	-0.7	45.91	6.92
15/10/2019 16:39	1.5	Bourg-Saint-Pierre VS	3.9	45.89	7.04
15/10/2019 16:25	0.5	Bourg-Saint-Pierre VS	3.3	45.89	7.03
15/10/2019 12:57	0.4	Bourg-Saint-Pierre VS	5.5	45.88	7.04
15/10/2019 06:58	0.6	Chamonix F	2.0	45.89	6.97
15/10/2019 03:55	1.0	CHAMPERY VS	4.6	46.20	6.91
14/10/2019 01:55	0.5	Courmayeur I	0.6	45.87	6.98
14/10/2019 01:43	0.3	Chamonix F	0.9	45.89	6.91
14/10/2019 01:39	0.0	Courmayeur I	2.0	45.88	6.99
14/10/2019 00:43	-0.1	Bourg-Saint-Pierre VS	1.9	45.89	7.03
13/10/2019 23:57	0.2	Bourg-Saint-Pierre VS	2.0	45.89	7.03
13/10/2019 22:06	0.1	Chamonix F	4.7	45.90	7.01
13/10/2019 12:14	1.0	Courmayeur I	1.0	45.87	6.98
13/10/2019 10:13	0.5	Courmayeur I	1.9	45.87	6.97
13/10/2019 10:04	0.1	Courmayeur I	1.3	45.86	6.96
13/10/2019 09:56	0.6	Courmayeur I	1.0	45.87	6.98
13/10/2019 06:21	0.9	Courmayeur I	1.0	45.87	6.97
13/10/2019 05:32	1.5	Courmayeur I	1.1	45.87	6.97
12/10/2019 17:53	0.8	Chamonix F	0.8	45.89	6.90
12/10/2019 15:25	1.3	Chamonix F	0.8	45.89	6.90
12/10/2019 14:24	0.6	Chamonix F	0.7	45.89	6.90
12/10/2019 13:18	0.8	Chamonix F	0.9	45.89	6.90
12/10/2019 07:34	0.7	St-Ursanne JU	13.0	47.35	7.18
12/10/2019 05:50	0.6	Chamonix F	0.9	45.89	6.91
12/10/2019 05:21	0.5	Courmayeur I	1.2	45.87	6.96
12/10/2019 04:28	0.0	Bourg-Saint-Pierre VS	1.7	45.89	7.03
11/10/2019 22:41	0.4	Chamonix F	5.0	46.03	6.88
11/10/2019 19:02	0.7	Chamonix F	1.7	45.89	7.00
11/10/2019 18:48	0.3	Courmayeur I	1.9	45.87	7.00
11/10/2019 18:42	1.1	Savognin GR	5.1	46.54	9.55
11/10/2019 09:37	0.8	Chamonix F	1.1	45.89	6.90
11/10/2019 07:54	0.6	Chamonix F	2.0	45.89	7.00
11/10/2019 05:33	1.4	Courmayeur I	1.6	45.86	6.97
11/10/2019 04:08	0.9	Chamonix F	1.9	45.89	7.00
11/10/2019 04:05	0.9	Chamonix F	2.0	45.89	7.00
11/10/2019 03:35	0.8	Chamonix F	1.0	45.89	6.90
11/10/2019 03:14	0.9	Chamonix F	0.3	45.89	6.91
11/10/2019 02:56	0.3	Chamonix F	1.8	45.89	7.00
11/10/2019 02:03	0.7	Chamonix F	4.6	45.90	7.01
11/10/2019 01:16	1.3	Chamonix F	0.9	45.89	6.90
11/10/2019 01:16	1.2	Chamonix F	1.0	45.89	6.90
11/10/2019 01:10	0.9	Chamonix F	1.0	45.89	6.90
11/10/2019 01:03	1.3	Chamonix F	0.9	45.89	6.90
11/10/2019 00:49	0.5	Sion VS	6.1	46.15	7.41
10/10/2019 23:53	0.5	Chamonix F	0.8	45.89	6.90
10/10/2019 09:28	1.5	Tavannes BE	1.8	47.18	7.22
09/10/2019 22:44	0.5	Sanetschpass VS	-0.3	46.35	7.41
09/10/2019 21:54	0.8	Chamonix F	1.0	45.89	6.90
09/10/2019 21:00	1.9	Konstanz D	2.0	47.75	9.11
09/10/2019 20:14	1.8	Chamonix F	1.0	45.89	6.90
09/10/2019 13:04	0.7	Courmayeur I	1.3	45.87	6.97
09/10/2019 04:32	0.4	Courmayeur I	2.5	45.88	7.01
09/10/2019 04:26	0.2	Chamonix F	3.3	46.02	6.86
09/10/2019 02:24	0.8	Tiefencastel GR	7.1	46.66	9.66
08/10/2019 17:44	0.4	Chamonix F	1.5	45.89	6.90
08/10/2019 13:07	0.7	Chamonix F	1.1	45.89	6.90
08/10/2019 12:43	0.5	Courmayeur I	2.6	45.88	7.02
08/10/2019 06:49	0.4	Chamonix F	1.1	45.88	6.90
07/10/2019 22:34	0.3	Chamonix F	4.8	45.90	7.01
07/10/2019 15:57	0.8	Courmayeur I	2.0	45.87	6.97
07/10/2019 06:12	1.1	Sion VS	7.5	46.27	7.39
07/10/2019 01:37	1.3	Chamonix F	2.0	45.89	7.00
07/10/2019 01:20	0.5	Bourg-Saint-Pierre VS	2.8	45.89	7.03
06/10/2019 21:50	0.9	Sion VS	8.0	46.27	7.39
06/10/2019 11:39	0.2	Courmayeur I	3.9	45.88	7.02
06/10/2019 10:52	0.6	Courmayeur I	1.3	45.88	7.02
06/10/2019 09:20	0.8	Estavayer-le-Lac FR	8.5	46.85	6.80
06/10/2019 03:29	0.1	Chamonix F	4.9	46.04	6.86
06/10/2019 02:56	-0.1	Bourg-Saint-Pierre VS	2.0	45.89	7.02
05/10/2019 22:51	1.3	Sion VS	7.6	46.26	7.39
05/10/2019 22:28	0.4	Sion VS	7.0	46.26	7.38
05/10/2019 21:13	0.4	Sion VS	6.8	46.26	7.40
03/10/2019 19:26	0.7	Courmayeur I	2.0	45.86	6.96
03/10/2019 18:31	1.9	NEUCHATEL	9.4	47.01	6.85
03/10/2019 13:51	1.1	Chamonix F	2.1	45.88	6.98
03/10/2019 05:43	1.5	Zuoz GR	3.0	46.51	9.98
02/10/2019 22:42	0.6	Bourg-Saint-Pierre VS	1.5	45.89	7.03
02/10/2019 20:17	1.4	Zuoz GR	2.3	46.51	9.98
02/10/2019 10:32	0.1	Courmayeur I	2.6	45.87	7.00
02/10/2019 03:37	0.5	Courmayeur I	1.0	45.89	7.02
01/10/2019 22:43	1.5	Sion VS	7.0	46.26	7.39
01/10/2019 22:14	1.5	Sion VS	6.6	46.26	7.40
01/10/2019 21:24	0.9	Sion VS	7.2	46.26	7.40
30/09/2019 04:54	0.5	Aosta I	2.0	45.82	7.49
30/09/2019 02:35	0.6	Sargans SG	7.6	47.07	9.50
29/09/2019 21:11	0.6	Montreux VD	1.0	46.37	6.74
29/09/2019 15:23	0.4	Courmayeur I	3.0	45.88	7.01
29/09/2019 15:17	1.7	Courmayeur I	3.0	45.88	7.02
29/09/2019 15:00	1.4	Courmayeur I	3.0	45.88	7.02
29/09/2019 14:54	0.4	Courmayeur I	2.6	45.88	7.02
29/09/2019 08:40	0.6	Courmayeur I	2.3	45.88	7.01
29/09/2019 05:18	0.4	Les Diablerets VD	1.0	46.25	7.15
29/09/2019 04:30	0.6	Courmayeur I	1.9	45.87	6.96
29/09/2019 03:29	0.7	Courmayeur I	3.0	45.88	7.01
28/09/2019 18:44	0.5	Courmayeur I	3.0	45.88	7.01
28/09/2019 18:41	0.8	Courmayeur I	3.1	45.88	7.01
28/09/2019 18:36	2.0	Courmayeur I	2.6	45.88	7.02
28/09/2019 15:36	1.0	Chamonix F	5.0	46.04	6.88
28/09/2019 14:53	2.6	Goeschenen UR	9.3	46.66	8.66
28/09/2019 10:25	1.4	Sanetschpass VS	0.9	46.30	7.27
28/09/2019 10:23	0.5	Chamonix F	3.8	46.03	6.88
28/09/2019 09:01	0.6	Sanetschpass VS	4.1	46.32	7.35
28/09/2019 08:21	0.3	Courmayeur I	2.9	45.88	7.01
28/09/2019 08:15	0.6	Courmayeur I	3.0	45.88	7.02
27/09/2019 04:10	0.2	Saxon VS	4.6	46.21	7.11
26/09/2019 08:09	1.3	Courmayeur I	1.9	45.64	6.92
26/09/2019 04:30	0.8	Sion VS	7.5	46.26	7.39
26/09/2019 02:03	1.5	Sion VS	8.0	46.26	7.40
26/09/2019 00:42	0.8	Sion VS	7.1	46.26	7.40
25/09/2019 22:32	1.1	Strada GR	10.1	46.81	10.59
25/09/2019 11:45	1.2	Sion VS	7.5	46.26	7.40
25/09/2019 09:40	2.1	Sion VS	8.0	46.26	7.40
25/09/2019 09:09	0.9	Sion VS	7.4	46.26	7.40
25/09/2019 08:58	0.8	Sion VS	6.9	46.26	7.39
25/09/2019 08:55	0.5	Sion VS	6.9	46.26	7.39
25/09/2019 08:50	2.1	Sion VS	7.9	46.26	7.39
25/09/2019 02:06	1.0	Sion VS	7.4	46.26	7.40
24/09/2019 22:20	0.5	Sion VS	7.1	46.26	7.40
24/09/2019 15:23	-0.1	Sanetschpass VS	1.7	46.30	7.27
24/09/2019 12:32	0.8	Sion VS	7.3	46.26	7.40
24/09/2019 07:05	0.7	Sion VS	6.8	46.26	7.40
24/09/2019 03:55	0.4	Sion VS	7.2	46.26	7.39
23/09/2019 12:12	1.0	Schleitheim SH	0.6	47.80	8.51
22/09/2019 01:44	0.4	Zinal VS	2.0	46.18	7.56
22/09/2019 00:54	0.6	Sanetschpass VS	4.3	46.33	7.40
21/09/2019 23:14	0.6	Adelboden BE	9.1	46.57	7.53
21/09/2019 16:12	1.3	Sanetschpass VS	3.8	46.33	7.40
21/09/2019 10:18	2.1	Stein am Rhein SH	5.4	47.66	8.74
21/09/2019 00:58	0.4	Sion VS	7.4	46.26	7.39
20/09/2019 08:12	0.5	Courmayeur I	2.9	45.88	7.02
20/09/2019 07:40	0.6	Courmayeur I	3.0	45.88	7.01
20/09/2019 06:04	0.7	Sanetschpass VS	2.2	46.31	7.30
20/09/2019 06:00	0.8	Glarus GL	5.7	47.04	9.07
20/09/2019 04:11	0.6	Adelboden BE	6.9	46.44	7.55
20/09/2019 02:11	0.5	Courmayeur I	2.5	45.88	7.02
20/09/2019 01:28	0.2	Courmayeur I	2.1	45.88	7.01
20/09/2019 00:58	0.2	Courmayeur I	2.4	45.88	7.01
20/09/2019 00:50	0.2	Courmayeur I	2.2	45.88	7.02
20/09/2019 00:47	0.9	Courmayeur I	2.6	45.88	7.01
20/09/2019 00:47	1.2	Courmayeur I	3.1	45.88	7.02
20/09/2019 00:47	-0.4	Courmayeur I	2.5	45.88	7.01
20/09/2019 00:42	0.6	Courmayeur I	2.2	45.88	7.01
20/09/2019 00:40	0.5	Courmayeur I	2.5	45.88	7.02
20/09/2019 00:39	1.0	Courmayeur I	3.0	45.88	7.02
20/09/2019 00:29	0.7	Courmayeur I	2.4	45.88	7.02
20/09/2019 00:00	0.8	Courmayeur I	3.0	45.88	7.02
19/09/2019 23:11	-0.1	Courmayeur I	4.0	45.87	7.00
19/09/2019 23:10	-0.2	Courmayeur I	1.8	45.88	7.01
19/09/2019 23:03	-0.1	Courmayeur I	2.6	45.87	7.01
19/09/2019 23:02	0.0	Courmayeur I	2.7	45.88	7.01
19/09/2019 21:15	-0.2	Courmayeur I	2.0	45.88	7.02
19/09/2019 20:51	0.4	Courmayeur I	2.7	45.88	7.01
19/09/2019 19:35	0.9	St. Moritz GR	9.3	46.55	9.82
19/09/2019 05:19	2.2	Albstadt D	12.5	48.29	9.02
18/09/2019 15:50	1.3	Elm GL	2.1	46.86	9.09
18/09/2019 05:22	0.8	Sanetschpass VS	1.5	46.35	7.41
17/09/2019 20:18	0.4	Sanetschpass VS	3.4	46.33	7.40
17/09/2019 19:08	0.6	Bourg-Saint-Pierre VS	2.0	45.89	7.02
16/09/2019 17:59	0.4	Chamonix F	0.7	45.89	7.01
16/09/2019 03:21	0.6	Montreux VD	4.6	46.33	6.80
15/09/2019 13:32	0.5	Chamonix F	1.0	45.89	6.99
15/09/2019 12:33	0.7	Chamonix F	1.9	45.97	6.96
15/09/2019 03:18	1.2	Leukerbad VS	5.3	46.37	7.56
15/09/2019 02:23	1.6	Brig-Glis VS	3.2	46.28	7.96
14/09/2019 18:11	0.3	Courmayeur I	3.0	45.88	7.00
13/09/2019 23:25	0.5	Sanetschpass VS	2.3	46.31	7.30
13/09/2019 18:31	0.3	Aosta I	9.0	45.81	7.42
13/09/2019 10:50	1.3	Verbier VS	3.0	46.10	7.32